Designator,Footprint,Quantity,Value,LCSC Part #
BZ1,Buzzer_12x9.5RM7.6,1,Buzzer,
C1,C_Disc_D5.0mm_W2.5mm_P2.50mm,1,100n,
"C2, C4",C_Radial_D6.3mm_H11.0mm_P2.50mm,2,47u,
C3,C_Disc_D5.0mm_W2.5mm_P2.50mm,1,`100n,
J1,PinHeader_1x04_P2.54mm_Vertical,1,Conn_01x04,
J2,PinHeader_1x15_P2.54mm_Vertical,1,Conn_01x15,
J3,PinHeader_1x14_P2.54mm_Vertical,1,Second Display Connector,
J4,USB_C,1,USB_C,
Q1,TO-92_HandSolder,1,BC557,
R1,R_Axial_DIN0309_L9.0mm_D3.2mm_P12.70mm_Horizontal,1,4k7,
U1,PinHeader_1x14_P2.54mm_Vertical,1,ILI9341,
U2,ESP32-DEVKIT_30,1,ESP32-DEVKITC_ESP32-DEVKITC_30,
