Designator,Footprint,Quantity,Value,LCSC Part #
"C1, C2, C3, C5, C6, C7, C8",C_Disc_D3.0mm_W2.0mm_P2.50mm,7,100n,
C4,CP_Radial_D6.3mm_P2.50mm,1,4u7,
C9,CP_Radial_D6.3mm_P2.50mm,1,47u,
D1,D_DO-41_SOD81_P10.16mm_Horizontal,1,1N4001,
J1,PinSocket_1x15_P2.54mm_Vertical,1,Conn_01x15,
J2,SMA_Amphenol_901-144_Vertical,1,Antenna,
J3,PinSocket_1x06_P2.54mm_Vertical,1,LF Amp,
J4,PinSocket_1x02_P2.54mm_Vertical,1,speaker,
J5,PinSocket_1x05_P2.54mm_Vertical,1,GPS,
J6,PinSocket_1x05_P2.54mm_Vertical,1,Mic  Conn.,
J7,USB_C,1,Power,
"Q1, Q2, Q3",TO-92_HandSolder,3,BC547,
"R1, R12, R2, R3",R_Axial_DIN0207_L6.3mm_D2.5mm_P10.16mm_Horizontal,4,2k2,
R10,R_Axial_DIN0207_L6.3mm_D2.5mm_P10.16mm_Horizontal,1,12k,
R11,R_Axial_DIN0207_L6.3mm_D2.5mm_P10.16mm_Horizontal,1,1k5,
"R4, R5, R6",R_Axial_DIN0207_L6.3mm_D2.5mm_P10.16mm_Horizontal,3,10k,
R7,R_Axial_DIN0207_L6.3mm_D2.5mm_P10.16mm_Horizontal,1,270R,
R8,R_Axial_DIN0207_L6.3mm_D2.5mm_P10.16mm_Horizontal,1,120k,
R9,R_Axial_DIN0207_L6.3mm_D2.5mm_P10.16mm_Horizontal,1,3k3,
RV1,PinSocket_1x03_P2.54mm_Vertical,1,10k Log,
U1,Dorji_DRA818,1,DRA818,
